time,temperature,humidity,wind_speed,precipitation,hour,day,month,day_of_week,day_name,is_weekend,is_rainy,temperature_category
2026-10-01 00:00:00,25.3,99,2.0,0.0,0,1,10,3,Thursday,False,False,Moderate
2026-10-01 01:00:00,25.8,100,3.3,0.1,1,1,10,3,Thursday,False,True,Moderate
2026-10-01 02:00:00,24.9,99,6.5,1.6,2,1,10,3,Thursday,False,True,Moderate
2026-10-01 03:00:00,24.6,99,6.0,0.7,3,1,10,3,Thursday,False,True,Moderate
2026-10-01 04:00:00,24.4,100,5.4,0.1,4,1,10,3,Thursday,False,True,Moderate
2026-10-01 05:00:00,24.3,99,4.1,0.0,5,1,10,3,Thursday,False,False,Moderate
2026-10-01 06:00:00,24.4,99,4.2,0.0,6,1,10,3,Thursday,False,False,Moderate
2026-10-01 07:00:00,25.6,96,3.7,0.0,7,1,10,3,Thursday,False,False,Moderate
2026-10-01 08:00:00,27.3,87,3.3,0.0,8,1,10,3,Thursday,False,False,Moderate
2026-10-01 09:00:00,29.0,78,3.2,0.0,9,1,10,3,Thursday,False,False,Moderate
2026-10-01 10:00:00,30.4,73,3.0,0.0,10,1,10,3,Thursday,False,False,Hot
2026-10-01 11:00:00,31.4,71,2.4,0.0,11,1,10,3,Thursday,False,False,Hot
2026-10-01 12:00:00,32.1,68,1.6,0.0,12,1,10,3,Thursday,False,False,Hot
2026-10-01 13:00:00,32.1,68,1.1,0.0,13,1,10,3,Thursday,False,False,Hot
2026-10-01 14:00:00,32.2,64,1.4,0.1,14,1,10,3,Thursday,False,True,Hot
2026-10-01 15:00:00,32.7,57,2.8,0.0,15,1,10,3,Thursday,False,False,Hot
2026-10-01 16:00:00,31.9,60,5.7,0.0,16,1,10,3,Thursday,False,False,Hot
2026-10-01 17:00:00,28.6,80,9.0,0.4,17,1,10,3,Thursday,False,True,Moderate
2026-10-01 18:00:00,27.1,89,8.2,0.0,18,1,10,3,Thursday,False,False,Moderate
2026-10-01 19:00:00,25.0,95,8.7,1.4,19,1,10,3,Thursday,False,True,Moderate
2026-10-01 20:00:00,25.4,94,4.9,0.8,20,1,10,3,Thursday,False,True,Moderate
2026-10-01 21:00:00,25.7,95,5.1,0.1,21,1,10,3,Thursday,False,True,Moderate
2026-10-01 22:00:00,25.8,95,3.5,0.0,22,1,10,3,Thursday,False,False,Moderate
2026-10-01 23:00:00,26.0,96,3.7,0.0,23,1,10,3,Thursday,False,False,Moderate
2026-10-02 00:00:00,25.9,96,2.3,0.0,0,2,10,4,Friday,False,False,Moderate
2026-10-02 01:00:00,25.8,94,1.1,0.2,1,2,10,4,Friday,False,True,Moderate
2026-10-02 02:00:00,25.7,95,2.8,0.2,2,2,10,4,Friday,False,True,Moderate
2026-10-02 03:00:00,23.9,99,8.6,1.7,3,2,10,4,Friday,False,True,Moderate
2026-10-02 04:00:00,24.0,98,4.0,0.7,4,2,10,4,Friday,False,True,Moderate
2026-10-02 05:00:00,23.9,99,3.1,0.1,5,2,10,4,Friday,False,True,Moderate
2026-10-02 06:00:00,23.9,98,2.7,0.0,6,2,10,4,Friday,False,False,Moderate
2026-10-02 07:00:00,24.8,94,2.8,0.0,7,2,10,4,Friday,False,False,Moderate
2026-10-02 08:00:00,26.5,87,1.5,0.0,8,2,10,4,Friday,False,False,Moderate
2026-10-02 09:00:00,28.6,77,1.4,0.0,9,2,10,4,Friday,False,False,Moderate
2026-10-02 10:00:00,29.8,71,1.9,0.1,10,2,10,4,Friday,False,True,Moderate
2026-10-02 11:00:00,30.9,67,3.5,0.2,11,2,10,4,Friday,False,True,Hot
2026-10-02 12:00:00,31.5,68,3.0,0.1,12,2,10,4,Friday,False,True,Hot
2026-10-02 13:00:00,31.8,67,0.9,0.0,13,2,10,4,Friday,False,False,Hot
2026-10-02 14:00:00,31.6,66,5.1,0.0,14,2,10,4,Friday,False,False,Hot
2026-10-02 15:00:00,27.2,88,11.3,1.0,15,2,10,4,Friday,False,True,Moderate
2026-10-02 16:00:00,26.8,87,6.2,1.5,16,2,10,4,Friday,False,True,Moderate
2026-10-02 17:00:00,25.9,90,6.8,1.8,17,2,10,4,Friday,False,True,Moderate
2026-10-02 18:00:00,25.5,93,3.4,0.3,18,2,10,4,Friday,False,True,Moderate
2026-10-02 19:00:00,25.5,95,2.7,0.0,19,2,10,4,Friday,False,False,Moderate
2026-10-02 20:00:00,25.5,96,1.4,0.0,20,2,10,4,Friday,False,False,Moderate
2026-10-02 21:00:00,25.4,97,3.2,0.0,21,2,10,4,Friday,False,False,Moderate
2026-10-02 22:00:00,25.1,98,4.9,0.0,22,2,10,4,Friday,False,False,Moderate
2026-10-02 23:00:00,24.8,98,4.5,0.0,23,2,10,4,Friday,False,False,Moderate
2026-10-03 00:00:00,24.5,99,3.0,0.1,0,3,10,5,Saturday,True,True,Moderate
2026-10-03 01:00:00,24.5,99,0.6,0.1,1,3,10,5,Saturday,True,True,Moderate
2026-10-03 02:00:00,24.2,100,0.9,0.2,2,3,10,5,Saturday,True,True,Moderate
2026-10-03 03:00:00,24.2,99,1.3,0.3,3,3,10,5,Saturday,True,True,Moderate
2026-10-03 04:00:00,24.3,99,2.3,0.1,4,3,10,5,Saturday,True,True,Moderate
2026-10-03 05:00:00,24.2,99,4.6,0.0,5,3,10,5,Saturday,True,False,Moderate
2026-10-03 06:00:00,24.2,99,4.8,0.0,6,3,10,5,Saturday,True,False,Moderate
2026-10-03 07:00:00,25.3,93,6.2,0.0,7,3,10,5,Saturday,True,False,Moderate
2026-10-03 08:00:00,26.9,86,3.3,0.0,8,3,10,5,Saturday,True,False,Moderate
2026-10-03 09:00:00,28.2,80,0.7,0.1,9,3,10,5,Saturday,True,True,Moderate
2026-10-03 10:00:00,29.5,74,0.9,0.2,10,3,10,5,Saturday,True,True,Moderate
2026-10-03 11:00:00,30.9,71,1.9,0.1,11,3,10,5,Saturday,True,True,Hot
2026-10-03 12:00:00,31.6,69,1.9,0.1,12,3,10,5,Saturday,True,True,Hot
2026-10-03 13:00:00,31.8,67,0.8,0.0,13,3,10,5,Saturday,True,False,Hot
2026-10-03 14:00:00,32.0,65,1.7,0.1,14,3,10,5,Saturday,True,True,Hot
2026-10-03 15:00:00,28.3,79,9.8,0.6,15,3,10,5,Saturday,True,True,Moderate
2026-10-03 16:00:00,24.7,94,16.6,2.1,16,3,10,5,Saturday,True,True,Moderate
2026-10-03 17:00:00,24.5,96,0.4,2.5,17,3,10,5,Saturday,True,True,Moderate
2026-10-03 18:00:00,24.5,96,0.7,0.4,18,3,10,5,Saturday,True,True,Moderate
2026-10-03 19:00:00,24.6,96,2.2,0.0,19,3,10,5,Saturday,True,False,Moderate
2026-10-03 20:00:00,24.7,98,0.9,0.0,20,3,10,5,Saturday,True,False,Moderate
2026-10-03 21:00:00,24.7,98,0.2,0.0,21,3,10,5,Saturday,True,False,Moderate
2026-10-03 22:00:00,24.5,100,1.6,0.0,22,3,10,5,Saturday,True,False,Moderate
2026-10-03 23:00:00,24.4,99,0.7,0.0,23,3,10,5,Saturday,True,False,Moderate
2026-10-04 00:00:00,24.3,100,1.2,0.0,0,4,10,6,Sunday,True,False,Moderate
2026-10-04 01:00:00,24.2,100,1.8,0.0,1,4,10,6,Sunday,True,False,Moderate
2026-10-04 02:00:00,24.0,100,0.8,0.0,2,4,10,6,Sunday,True,False,Moderate
2026-10-04 03:00:00,23.8,100,2.1,0.0,3,4,10,6,Sunday,True,False,Moderate
2026-10-04 04:00:00,23.7,100,1.8,0.0,4,4,10,6,Sunday,True,False,Moderate
2026-10-04 05:00:00,23.7,100,2.7,0.0,5,4,10,6,Sunday,True,False,Moderate
2026-10-04 06:00:00,23.8,100,3.6,0.0,6,4,10,6,Sunday,True,False,Moderate
2026-10-04 07:00:00,25.2,96,1.0,0.0,7,4,10,6,Sunday,True,False,Moderate
2026-10-04 08:00:00,27.5,84,1.8,0.0,8,4,10,6,Sunday,True,False,Moderate
2026-10-04 09:00:00,29.1,77,3.7,0.1,9,4,10,6,Sunday,True,True,Moderate
2026-10-04 10:00:00,30.0,72,4.8,0.3,10,4,10,6,Sunday,True,True,Moderate
2026-10-04 11:00:00,31.2,69,4.7,0.2,11,4,10,6,Sunday,True,True,Hot
2026-10-04 12:00:00,32.1,67,5.4,0.0,12,4,10,6,Sunday,True,False,Hot
2026-10-04 13:00:00,32.2,64,2.7,0.0,13,4,10,6,Sunday,True,False,Hot
2026-10-04 14:00:00,28.9,76,10.6,1.1,14,4,10,6,Sunday,True,True,Moderate
2026-10-04 15:00:00,26.6,90,3.9,2.1,15,4,10,6,Sunday,True,True,Moderate
2026-10-04 16:00:00,26.2,91,1.9,1.6,16,4,10,6,Sunday,True,True,Moderate
2026-10-04 17:00:00,26.7,90,4.0,0.3,17,4,10,6,Sunday,True,True,Moderate
2026-10-04 18:00:00,26.4,92,3.0,0.0,18,4,10,6,Sunday,True,False,Moderate
2026-10-04 19:00:00,26.2,94,3.4,0.0,19,4,10,6,Sunday,True,False,Moderate
2026-10-04 20:00:00,26.1,95,2.9,0.0,20,4,10,6,Sunday,True,False,Moderate
2026-10-04 21:00:00,25.9,96,1.7,0.0,21,4,10,6,Sunday,True,False,Moderate
2026-10-04 22:00:00,25.6,97,1.3,0.0,22,4,10,6,Sunday,True,False,Moderate
2026-10-04 23:00:00,25.4,98,1.4,0.0,23,4,10,6,Sunday,True,False,Moderate
2026-10-05 00:00:00,25.1,99,1.4,0.0,0,5,10,0,Monday,False,False,Moderate
2026-10-05 01:00:00,24.8,100,1.4,0.0,1,5,10,0,Monday,False,False,Moderate
2026-10-05 02:00:00,24.6,100,0.8,0.0,2,5,10,0,Monday,False,False,Moderate
2026-10-05 03:00:00,24.5,100,0.8,0.0,3,5,10,0,Monday,False,False,Moderate
2026-10-05 04:00:00,24.5,100,1.1,0.0,4,5,10,0,Monday,False,False,Moderate
2026-10-05 05:00:00,24.7,99,0.4,0.0,5,5,10,0,Monday,False,False,Moderate
2026-10-05 06:00:00,25.0,98,1.0,0.0,6,5,10,0,Monday,False,False,Moderate
2026-10-05 07:00:00,25.7,95,1.8,0.0,7,5,10,0,Monday,False,False,Moderate
2026-10-05 08:00:00,27.0,88,2.2,0.1,8,5,10,0,Monday,False,True,Moderate
2026-10-05 09:00:00,28.7,79,3.2,0.1,9,5,10,0,Monday,False,True,Moderate
2026-10-05 10:00:00,30.2,73,4.2,0.1,10,5,10,0,Monday,False,True,Hot
2026-10-05 11:00:00,31.4,70,5.3,0.1,11,5,10,0,Monday,False,True,Hot
2026-10-05 12:00:00,32.4,68,6.8,0.1,12,5,10,0,Monday,False,True,Hot
2026-10-05 13:00:00,32.5,68,6.4,0.1,13,5,10,0,Monday,False,True,Hot
2026-10-05 14:00:00,31.1,74,2.1,1.1,14,5,10,0,Monday,False,True,Hot
2026-10-05 15:00:00,28.8,83,6.7,1.1,15,5,10,0,Monday,False,True,Moderate
2026-10-05 16:00:00,26.9,91,11.4,1.1,16,5,10,0,Monday,False,True,Moderate
2026-10-05 17:00:00,26.0,94,11.4,3.3,17,5,10,0,Monday,False,True,Moderate
2026-10-05 18:00:00,25.4,96,8.8,3.3,18,5,10,0,Monday,False,True,Moderate
2026-10-05 19:00:00,25.0,97,6.3,3.3,19,5,10,0,Monday,False,True,Moderate
2026-10-05 20:00:00,24.8,98,4.2,0.0,20,5,10,0,Monday,False,False,Moderate
2026-10-05 21:00:00,24.8,98,2.0,0.0,21,5,10,0,Monday,False,False,Moderate
2026-10-05 22:00:00,24.8,99,1.0,0.0,22,5,10,0,Monday,False,False,Moderate
2026-10-05 23:00:00,24.6,99,1.8,0.1,23,5,10,0,Monday,False,True,Moderate
2026-10-06 00:00:00,24.5,100,2.5,0.1,0,6,10,1,Tuesday,False,True,Moderate
2026-10-06 01:00:00,24.3,100,2.9,0.1,1,6,10,1,Tuesday,False,True,Moderate
2026-10-06 02:00:00,24.2,100,2.5,0.1,2,6,10,1,Tuesday,False,True,Moderate
2026-10-06 03:00:00,24.0,99,2.1,0.1,3,6,10,1,Tuesday,False,True,Moderate
2026-10-06 04:00:00,24.0,99,2.2,0.1,4,6,10,1,Tuesday,False,True,Moderate
2026-10-06 05:00:00,24.1,98,2.4,0.0,5,6,10,1,Tuesday,False,False,Moderate
2026-10-06 06:00:00,24.4,96,2.4,0.0,6,6,10,1,Tuesday,False,False,Moderate
2026-10-06 07:00:00,25.0,93,2.7,0.0,7,6,10,1,Tuesday,False,False,Moderate
2026-10-06 08:00:00,26.0,87,2.9,0.0,8,6,10,1,Tuesday,False,False,Moderate
2026-10-06 09:00:00,27.4,81,3.3,0.0,9,6,10,1,Tuesday,False,False,Moderate
2026-10-06 10:00:00,28.6,76,3.4,0.0,10,6,10,1,Tuesday,False,False,Moderate
2026-10-06 11:00:00,29.8,72,3.4,0.1,11,6,10,1,Tuesday,False,True,Moderate
2026-10-06 12:00:00,30.8,69,3.4,0.1,12,6,10,1,Tuesday,False,True,Hot
2026-10-06 13:00:00,31.1,69,2.3,0.1,13,6,10,1,Tuesday,False,True,Hot
2026-10-06 14:00:00,29.9,74,2.9,0.7,14,6,10,1,Tuesday,False,True,Moderate
2026-10-06 15:00:00,28.0,82,8.3,0.7,15,6,10,1,Tuesday,False,True,Moderate
2026-10-06 16:00:00,26.4,89,11.5,0.7,16,6,10,1,Tuesday,False,True,Moderate
2026-10-06 17:00:00,25.7,92,10.6,0.2,17,6,10,1,Tuesday,False,True,Moderate
2026-10-06 18:00:00,25.4,93,7.4,0.2,18,6,10,1,Tuesday,False,True,Moderate
2026-10-06 19:00:00,25.2,94,5.0,0.2,19,6,10,1,Tuesday,False,True,Moderate
2026-10-06 20:00:00,25.1,96,4.1,0.0,20,6,10,1,Tuesday,False,False,Moderate
2026-10-06 21:00:00,25.2,96,3.6,0.0,21,6,10,1,Tuesday,False,False,Moderate
2026-10-06 22:00:00,25.1,97,2.9,0.0,22,6,10,1,Tuesday,False,False,Moderate
2026-10-06 23:00:00,24.7,98,2.5,0.5,23,6,10,1,Tuesday,False,True,Moderate
2026-10-07 00:00:00,24.3,99,3.5,0.5,0,7,10,2,Wednesday,False,True,Moderate
2026-10-07 01:00:00,23.9,99,4.7,0.5,1,7,10,2,Wednesday,False,True,Moderate
2026-10-07 02:00:00,24.2,99,1.2,0.0,2,7,10,2,Wednesday,False,False,Moderate
2026-10-07 03:00:00,24.1,99,1.1,0.0,3,7,10,2,Wednesday,False,False,Moderate
2026-10-07 04:00:00,24.2,99,1.7,0.0,4,7,10,2,Wednesday,False,False,Moderate
2026-10-07 05:00:00,24.3,98,2.5,0.0,5,7,10,2,Wednesday,False,False,Moderate
2026-10-07 06:00:00,24.5,96,3.1,0.0,6,7,10,2,Wednesday,False,False,Moderate
2026-10-07 07:00:00,25.0,94,3.5,0.0,7,7,10,2,Wednesday,False,False,Moderate
2026-10-07 08:00:00,25.8,90,3.3,0.2,8,7,10,2,Wednesday,False,True,Moderate
2026-10-07 09:00:00,27.0,84,2.8,0.2,9,7,10,2,Wednesday,False,True,Moderate
2026-10-07 10:00:00,28.4,78,2.6,0.2,10,7,10,2,Wednesday,False,True,Moderate
2026-10-07 11:00:00,29.7,73,3.1,0.2,11,7,10,2,Wednesday,False,True,Moderate
2026-10-07 12:00:00,30.7,70,3.6,0.2,12,7,10,2,Wednesday,False,True,Hot
2026-10-07 13:00:00,31.1,69,3.5,0.2,13,7,10,2,Wednesday,False,True,Hot
2026-10-07 14:00:00,30.8,71,2.4,0.9,14,7,10,2,Wednesday,False,True,Hot
2026-10-07 15:00:00,29.9,74,1.7,0.9,15,7,10,2,Wednesday,False,True,Moderate
2026-10-07 16:00:00,28.7,80,3.5,0.9,16,7,10,2,Wednesday,False,True,Moderate
2026-10-07 17:00:00,27.5,86,5.8,0.9,17,7,10,2,Wednesday,False,True,Moderate
2026-10-07 18:00:00,26.3,92,7.8,0.9,18,7,10,2,Wednesday,False,True,Moderate
2026-10-07 19:00:00,25.5,96,8.9,0.9,19,7,10,2,Wednesday,False,True,Moderate
2026-10-07 20:00:00,25.0,99,8.5,0.0,20,7,10,2,Wednesday,False,False,Moderate
2026-10-07 21:00:00,24.6,100,7.1,0.0,21,7,10,2,Wednesday,False,False,Moderate
2026-10-07 22:00:00,24.4,100,5.3,0.0,22,7,10,2,Wednesday,False,False,Moderate
2026-10-07 23:00:00,24.2,100,3.8,0.0,23,7,10,2,Wednesday,False,False,Moderate
