time,actual_temperature,predicted_temperature,difference
2026-09-30 00:00:00,25.1,25.0,0.12
2026-09-30 01:00:00,24.9,24.8,0.08
2026-09-30 02:00:00,24.8,24.7,0.11
2026-09-30 03:00:00,24.5,24.4,0.07
2026-09-30 04:00:00,23.9,24.0,-0.14
2026-09-30 05:00:00,23.8,23.9,-0.14
2026-09-30 06:00:00,24.8,24.7,0.1
2026-09-30 07:00:00,26.3,26.2,0.06
2026-09-30 08:00:00,27.7,27.7,0.05
2026-09-30 09:00:00,29.2,29.3,-0.1
2026-09-30 10:00:00,30.1,30.2,-0.06
2026-09-30 11:00:00,31.3,30.9,0.43
2026-09-30 12:00:00,31.9,31.8,0.05
2026-09-30 13:00:00,31.7,31.6,0.07
2026-09-30 14:00:00,30.7,30.7,0.02
2026-09-30 15:00:00,29.5,29.4,0.08
2026-09-30 16:00:00,25.7,27.2,-1.46
2026-09-30 17:00:00,25.1,25.6,-0.46
2026-09-30 18:00:00,25.1,25.3,-0.2
2026-09-30 19:00:00,24.9,24.9,-0.02
2026-09-30 20:00:00,24.9,24.9,-0.01
2026-09-30 21:00:00,24.8,24.8,-0.05
2026-09-30 22:00:00,24.5,24.6,-0.05
2026-09-30 23:00:00,24.2,24.4,-0.17
2026-10-01 00:00:00,24.0,24.1,-0.09
2026-10-01 01:00:00,23.8,23.9,-0.1
2026-10-01 02:00:00,23.8,23.8,-0.03
2026-10-01 03:00:00,23.7,23.8,-0.05
2026-10-01 04:00:00,23.8,23.9,-0.06
2026-10-01 05:00:00,23.8,24.0,-0.15
2026-10-01 06:00:00,24.8,24.8,0.05
2026-10-01 07:00:00,26.4,26.6,-0.18
2026-10-01 08:00:00,28.0,27.9,0.07
2026-10-01 09:00:00,29.5,29.4,0.11
2026-10-01 10:00:00,30.5,30.3,0.16
2026-10-01 11:00:00,31.8,31.8,0.03
2026-10-01 12:00:00,32.2,32.1,0.11
2026-10-01 13:00:00,32.3,32.1,0.25
2026-10-01 14:00:00,32.0,31.7,0.28
2026-10-01 15:00:00,32.2,31.6,0.59
2026-10-01 16:00:00,30.7,30.7,-0.01
2026-10-01 17:00:00,28.6,29.1,-0.46
2026-10-01 18:00:00,28.1,27.9,0.24
2026-10-01 19:00:00,27.5,27.5,-0.0
2026-10-01 20:00:00,27.2,27.2,-0.01
2026-10-01 21:00:00,26.7,26.7,0.04
2026-10-01 22:00:00,26.5,26.4,0.12
2026-10-01 23:00:00,26.2,26.2,0.02
2026-10-02 00:00:00,25.6,25.4,0.19
2026-10-02 01:00:00,24.6,24.7,-0.08
2026-10-02 02:00:00,24.3,24.4,-0.14
2026-10-02 03:00:00,24.3,24.4,-0.06
2026-10-02 04:00:00,24.3,24.3,0.02
2026-10-02 05:00:00,24.4,24.3,0.05
2026-10-02 06:00:00,25.0,24.9,0.12
2026-10-02 07:00:00,25.5,25.9,-0.41
2026-10-02 08:00:00,27.7,27.1,0.64
2026-10-02 09:00:00,28.8,28.5,0.35
2026-10-02 10:00:00,30.4,30.2,0.19
2026-10-02 11:00:00,31.1,31.3,-0.16
2026-10-02 12:00:00,31.5,31.5,0.02
2026-10-02 13:00:00,31.4,31.4,-0.04
2026-10-02 14:00:00,31.1,31.0,0.07
2026-10-02 15:00:00,27.5,28.9,-1.39
2026-10-02 16:00:00,26.2,26.7,-0.47
2026-10-02 17:00:00,26.3,26.1,0.17
2026-10-02 18:00:00,26.1,26.1,-0.05
2026-10-02 19:00:00,25.9,26.0,-0.14
2026-10-02 20:00:00,25.9,25.8,0.1
2026-10-02 21:00:00,25.7,25.5,0.16
2026-10-02 22:00:00,25.4,25.3,0.1
2026-10-02 23:00:00,25.1,25.1,0.05
2026-10-03 00:00:00,24.8,24.8,0.04
2026-10-03 01:00:00,24.6,24.6,-0.02
2026-10-03 02:00:00,24.5,24.4,0.07
2026-10-03 03:00:00,24.5,24.4,0.06
2026-10-03 04:00:00,24.4,24.4,-0.01
2026-10-03 05:00:00,24.5,24.5,0.03
2026-10-03 06:00:00,25.0,24.9,0.08
2026-10-03 07:00:00,26.2,26.0,0.18
2026-10-03 08:00:00,27.8,27.8,0.04
2026-10-03 09:00:00,29.2,29.3,-0.09
2026-10-03 10:00:00,30.5,30.4,0.13
2026-10-03 11:00:00,31.6,31.4,0.2
2026-10-03 12:00:00,31.8,31.7,0.09
2026-10-03 13:00:00,30.6,31.0,-0.39
2026-10-03 14:00:00,28.6,29.1,-0.54
2026-10-03 15:00:00,26.9,27.3,-0.41
2026-10-03 16:00:00,26.0,26.0,0.04
2026-10-03 17:00:00,25.5,25.5,0.03
2026-10-03 18:00:00,25.1,25.1,-0.04
2026-10-03 19:00:00,24.9,24.9,-0.04
2026-10-03 20:00:00,24.9,24.9,0.01
2026-10-03 21:00:00,24.9,24.9,0.03
2026-10-03 22:00:00,24.7,24.7,0.0
2026-10-03 23:00:00,24.6,24.7,-0.06
2026-10-04 00:00:00,24.4,24.4,0.02
2026-10-04 01:00:00,24.3,24.3,-0.02
2026-10-04 02:00:00,24.1,24.2,-0.12
2026-10-04 03:00:00,24.1,24.2,-0.09
2026-10-04 04:00:00,24.3,24.3,0.02
2026-10-04 05:00:00,24.7,24.5,0.18
2026-10-04 06:00:00,25.4,25.1,0.28
2026-10-04 07:00:00,26.6,26.5,0.1
2026-10-04 08:00:00,28.1,28.0,0.13
2026-10-04 09:00:00,29.4,29.4,0.03
2026-10-04 10:00:00,30.6,30.4,0.16
2026-10-04 11:00:00,31.6,31.5,0.15
2026-10-04 12:00:00,31.9,31.8,0.1
2026-10-04 13:00:00,30.7,30.8,-0.13
2026-10-04 14:00:00,28.7,28.9,-0.21
2026-10-04 15:00:00,27.0,27.3,-0.33
2026-10-04 16:00:00,26.0,26.0,-0.01
2026-10-04 17:00:00,25.3,25.5,-0.2
2026-10-04 18:00:00,24.8,25.2,-0.4
2026-10-04 19:00:00,24.7,24.9,-0.25
2026-10-04 20:00:00,24.8,24.9,-0.12
2026-10-04 21:00:00,24.9,24.9,-0.03
2026-10-04 22:00:00,24.7,24.8,-0.13
2026-10-04 23:00:00,24.6,24.7,-0.14
2026-10-05 00:00:00,24.4,24.1,0.34
2026-10-05 01:00:00,24.8,24.0,0.76
2026-10-05 02:00:00,24.7,24.0,0.71
2026-10-05 03:00:00,24.6,24.1,0.55
2026-10-05 04:00:00,24.7,24.1,0.64
2026-10-05 05:00:00,24.9,24.1,0.83
2026-10-05 06:00:00,25.3,24.7,0.55
2026-10-05 07:00:00,26.1,25.4,0.73
2026-10-05 08:00:00,27.4,26.6,0.8
2026-10-05 09:00:00,28.9,27.7,1.21
2026-10-05 10:00:00,30.2,29.7,0.55
2026-10-05 11:00:00,31.2,30.4,0.76
2026-10-05 12:00:00,31.6,30.9,0.67
2026-10-05 13:00:00,31.2,31.1,0.08
2026-10-05 14:00:00,30.2,30.1,0.06
2026-10-05 15:00:00,28.8,28.6,0.2
2026-10-05 16:00:00,27.3,27.7,-0.38
2026-10-05 17:00:00,26.0,26.8,-0.84
2026-10-05 18:00:00,25.1,25.9,-0.78
2026-10-05 19:00:00,24.6,25.5,-0.89
2026-10-05 20:00:00,24.3,25.0,-0.68
2026-10-05 21:00:00,24.2,24.8,-0.58
2026-10-05 22:00:00,24.1,24.7,-0.58
