time,temperature,humidity,wind_speed,precipitation,hour,day,month,day_of_week,day_name,is_weekend,is_rainy,temperature_category,temp_humidity_index,wind_category,rain_intensity,is_hot
2026-10-02 00:00:00,25.6,96,1.5,0.0,0,2,10,4,Friday,False,False,Moderate,35.2,Low,No Rain,False
2026-10-02 01:00:00,25.8,97,2.6,0.0,1,2,10,4,Friday,False,False,Moderate,35.5,Low,No Rain,False
2026-10-02 02:00:00,25.5,98,1.3,0.0,2,2,10,4,Friday,False,False,Moderate,35.3,Low,No Rain,False
2026-10-02 03:00:00,25.3,99,2.3,0.0,3,2,10,4,Friday,False,False,Moderate,35.2,Low,No Rain,False
2026-10-02 04:00:00,25.1,99,1.2,0.0,4,2,10,4,Friday,False,False,Moderate,35.0,Low,No Rain,False
2026-10-02 05:00:00,25.0,99,1.7,0.0,5,2,10,4,Friday,False,False,Moderate,34.9,Low,No Rain,False
2026-10-02 06:00:00,25.0,99,0.7,0.0,6,2,10,4,Friday,False,False,Moderate,34.9,Low,No Rain,False
2026-10-02 07:00:00,26.4,96,1.9,0.0,7,2,10,4,Friday,False,False,Moderate,36.0,Low,No Rain,False
2026-10-02 08:00:00,27.7,85,3.9,0.0,8,2,10,4,Friday,False,False,Moderate,36.2,Low,No Rain,False
2026-10-02 09:00:00,29.2,76,6.4,0.0,9,2,10,4,Friday,False,False,Moderate,36.8,Low,No Rain,False
2026-10-02 10:00:00,30.3,70,5.6,0.1,10,2,10,4,Friday,False,True,Hot,37.3,Low,Light,False
2026-10-02 11:00:00,30.2,71,6.9,0.3,11,2,10,4,Friday,False,True,Hot,37.3,Low,Light,False
2026-10-02 12:00:00,31.0,71,6.1,0.3,12,2,10,4,Friday,False,True,Hot,38.1,Low,Light,False
2026-10-02 13:00:00,31.7,67,2.4,0.1,13,2,10,4,Friday,False,True,Hot,38.4,Low,Light,False
2026-10-02 14:00:00,27.1,85,7.9,2.3,14,2,10,4,Friday,False,True,Moderate,35.6,Low,Light,False
2026-10-02 15:00:00,26.9,87,1.9,4.4,15,2,10,4,Friday,False,True,Moderate,35.6,Low,Moderate,False
2026-10-02 16:00:00,27.7,83,2.7,0.2,16,2,10,4,Friday,False,True,Moderate,36.0,Low,Light,False
2026-10-02 17:00:00,27.8,82,4.8,0.0,17,2,10,4,Friday,False,False,Moderate,36.0,Low,No Rain,False
2026-10-02 18:00:00,27.2,88,3.1,0.0,18,2,10,4,Friday,False,False,Moderate,36.0,Low,No Rain,False
2026-10-02 19:00:00,27.0,91,2.7,0.0,19,2,10,4,Friday,False,False,Moderate,36.1,Low,No Rain,False
2026-10-02 20:00:00,27.0,91,2.7,0.0,20,2,10,4,Friday,False,False,Moderate,36.1,Low,No Rain,False
2026-10-02 21:00:00,26.8,92,2.2,0.0,21,2,10,4,Friday,False,False,Moderate,36.0,Low,No Rain,False
2026-10-02 22:00:00,26.4,94,1.8,0.0,22,2,10,4,Friday,False,False,Moderate,35.8,Low,No Rain,False
2026-10-02 23:00:00,25.3,93,4.9,0.3,23,2,10,4,Friday,False,True,Moderate,34.6,Low,Light,False
2026-10-03 00:00:00,25.0,96,2.7,0.9,0,3,10,5,Saturday,True,True,Moderate,34.6,Low,Light,False
2026-10-03 01:00:00,24.9,98,1.5,0.1,1,3,10,5,Saturday,True,True,Moderate,34.7,Low,Light,False
2026-10-03 02:00:00,23.9,100,8.7,2.9,2,3,10,5,Saturday,True,True,Moderate,33.9,Low,Moderate,False
2026-10-03 03:00:00,23.8,99,5.6,2.5,3,3,10,5,Saturday,True,True,Moderate,33.7,Low,Moderate,False
2026-10-03 04:00:00,23.9,98,4.6,0.4,4,3,10,5,Saturday,True,True,Moderate,33.7,Low,Light,False
2026-10-03 05:00:00,23.9,99,3.9,0.1,5,3,10,5,Saturday,True,True,Moderate,33.8,Low,Light,False
2026-10-03 06:00:00,24.1,98,4.5,0.0,6,3,10,5,Saturday,True,False,Moderate,33.900000000000006,Low,No Rain,False
2026-10-03 07:00:00,24.8,94,5.4,0.0,7,3,10,5,Saturday,True,False,Moderate,34.2,Low,No Rain,False
2026-10-03 08:00:00,26.0,89,3.3,0.0,8,3,10,5,Saturday,True,False,Moderate,34.9,Low,No Rain,False
2026-10-03 09:00:00,27.5,82,0.5,0.0,9,3,10,5,Saturday,True,False,Moderate,35.7,Low,No Rain,False
2026-10-03 10:00:00,28.9,76,1.9,0.0,10,3,10,5,Saturday,True,False,Moderate,36.5,Low,No Rain,False
2026-10-03 11:00:00,29.4,75,0.8,0.0,11,3,10,5,Saturday,True,False,Moderate,36.9,Low,No Rain,False
2026-10-03 12:00:00,30.5,72,1.5,0.0,12,3,10,5,Saturday,True,False,Hot,37.7,Low,No Rain,False
2026-10-03 13:00:00,31.2,69,0.7,0.0,13,3,10,5,Saturday,True,False,Hot,38.1,Low,No Rain,False
2026-10-03 14:00:00,31.4,68,1.6,0.0,14,3,10,5,Saturday,True,False,Hot,38.2,Low,No Rain,False
2026-10-03 15:00:00,30.6,69,7.0,0.2,15,3,10,5,Saturday,True,True,Hot,37.5,Low,Light,False
2026-10-03 16:00:00,28.2,79,6.4,2.1,16,3,10,5,Saturday,True,True,Moderate,36.1,Low,Light,False
2026-10-03 17:00:00,24.9,96,10.6,3.7,17,3,10,5,Saturday,True,True,Moderate,34.5,Moderate,Moderate,False
2026-10-03 18:00:00,24.8,96,3.6,0.4,18,3,10,5,Saturday,True,True,Moderate,34.400000000000006,Low,Light,False
2026-10-03 19:00:00,24.9,96,0.9,0.1,19,3,10,5,Saturday,True,True,Moderate,34.5,Low,Light,False
2026-10-03 20:00:00,25.1,95,0.7,0.0,20,3,10,5,Saturday,True,False,Moderate,34.6,Low,No Rain,False
2026-10-03 21:00:00,25.0,96,1.1,0.0,21,3,10,5,Saturday,True,False,Moderate,34.6,Low,No Rain,False
2026-10-03 22:00:00,25.0,96,0.6,0.0,22,3,10,5,Saturday,True,False,Moderate,34.6,Low,No Rain,False
2026-10-03 23:00:00,24.8,97,1.9,0.0,23,3,10,5,Saturday,True,False,Moderate,34.5,Low,No Rain,False
2026-10-04 00:00:00,24.6,99,2.7,0.0,0,4,10,6,Sunday,True,False,Moderate,34.5,Low,No Rain,False
2026-10-04 01:00:00,24.5,99,2.9,0.0,1,4,10,6,Sunday,True,False,Moderate,34.4,Low,No Rain,False
2026-10-04 02:00:00,24.3,99,0.9,0.0,2,4,10,6,Sunday,True,False,Moderate,34.2,Low,No Rain,False
2026-10-04 03:00:00,24.2,100,1.0,0.0,3,4,10,6,Sunday,True,False,Moderate,34.2,Low,No Rain,False
2026-10-04 04:00:00,24.1,99,0.5,0.0,4,4,10,6,Sunday,True,False,Moderate,34.0,Low,No Rain,False
2026-10-04 05:00:00,24.1,100,1.5,0.0,5,4,10,6,Sunday,True,False,Moderate,34.1,Low,No Rain,False
2026-10-04 06:00:00,24.3,98,3.0,0.0,6,4,10,6,Sunday,True,False,Moderate,34.1,Low,No Rain,False
2026-10-04 07:00:00,25.8,93,2.9,0.0,7,4,10,6,Sunday,True,False,Moderate,35.1,Low,No Rain,False
2026-10-04 08:00:00,27.3,85,4.0,0.0,8,4,10,6,Sunday,True,False,Moderate,35.8,Low,No Rain,False
2026-10-04 09:00:00,28.6,79,5.1,0.1,9,4,10,6,Sunday,True,True,Moderate,36.5,Low,Light,False
2026-10-04 10:00:00,30.0,75,5.0,0.1,10,4,10,6,Sunday,True,True,Moderate,37.5,Low,Light,False
2026-10-04 11:00:00,31.0,72,4.8,0.0,11,4,10,6,Sunday,True,False,Hot,38.2,Low,No Rain,False
2026-10-04 12:00:00,31.3,69,5.4,0.2,12,4,10,6,Sunday,True,True,Hot,38.2,Low,Light,False
2026-10-04 13:00:00,29.5,74,7.5,0.2,13,4,10,6,Sunday,True,True,Moderate,36.9,Low,Light,False
2026-10-04 14:00:00,27.3,88,3.7,5.5,14,4,10,6,Sunday,True,True,Moderate,36.1,Low,Moderate,False
2026-10-04 15:00:00,28.1,83,5.1,0.9,15,4,10,6,Sunday,True,True,Moderate,36.400000000000006,Low,Light,False
2026-10-04 16:00:00,27.5,87,8.3,0.5,16,4,10,6,Sunday,True,True,Moderate,36.2,Low,Light,False
2026-10-04 17:00:00,27.0,88,3.7,0.1,17,4,10,6,Sunday,True,True,Moderate,35.8,Low,Light,False
2026-10-04 18:00:00,26.3,92,2.7,0.0,18,4,10,6,Sunday,True,False,Moderate,35.5,Low,No Rain,False
2026-10-04 19:00:00,26.2,93,2.8,0.0,19,4,10,6,Sunday,True,False,Moderate,35.5,Low,No Rain,False
2026-10-04 20:00:00,25.8,96,3.2,0.0,20,4,10,6,Sunday,True,False,Moderate,35.400000000000006,Low,No Rain,False
2026-10-04 21:00:00,25.6,97,3.2,0.0,21,4,10,6,Sunday,True,False,Moderate,35.300000000000004,Low,No Rain,False
2026-10-04 22:00:00,25.4,98,2.5,0.0,22,4,10,6,Sunday,True,False,Moderate,35.2,Low,No Rain,False
2026-10-04 23:00:00,25.2,98,1.9,0.0,23,4,10,6,Sunday,True,False,Moderate,35.0,Low,No Rain,False
2026-10-05 00:00:00,25.0,99,1.3,0.0,0,5,10,0,Monday,False,False,Moderate,34.9,Low,No Rain,False
2026-10-05 01:00:00,24.7,100,2.9,0.0,1,5,10,0,Monday,False,False,Moderate,34.7,Low,No Rain,False
2026-10-05 02:00:00,24.6,100,2.2,0.0,2,5,10,0,Monday,False,False,Moderate,34.6,Low,No Rain,False
2026-10-05 03:00:00,24.5,99,3.3,0.0,3,5,10,0,Monday,False,False,Moderate,34.4,Low,No Rain,False
2026-10-05 04:00:00,24.5,99,2.9,0.0,4,5,10,0,Monday,False,False,Moderate,34.4,Low,No Rain,False
2026-10-05 05:00:00,24.3,100,1.5,0.0,5,5,10,0,Monday,False,False,Moderate,34.3,Low,No Rain,False
2026-10-05 06:00:00,24.4,100,2.6,0.0,6,5,10,0,Monday,False,False,Moderate,34.4,Low,No Rain,False
2026-10-05 07:00:00,26.0,92,5.0,0.0,7,5,10,0,Monday,False,False,Moderate,35.2,Low,No Rain,False
2026-10-05 08:00:00,27.6,84,5.0,0.0,8,5,10,0,Monday,False,False,Moderate,36.0,Low,No Rain,False
2026-10-05 09:00:00,29.0,77,6.2,0.2,9,5,10,0,Monday,False,True,Moderate,36.7,Low,Light,False
2026-10-05 10:00:00,30.1,72,6.5,0.2,10,5,10,0,Monday,False,True,Hot,37.300000000000004,Low,Light,False
2026-10-05 11:00:00,31.1,68,6.2,0.2,11,5,10,0,Monday,False,True,Hot,37.900000000000006,Low,Light,False
2026-10-05 12:00:00,32.1,64,5.1,0.1,12,5,10,0,Monday,False,True,Hot,38.5,Low,Light,True
2026-10-05 13:00:00,32.5,63,5.4,0.1,13,5,10,0,Monday,False,True,Hot,38.8,Low,Light,True
2026-10-05 14:00:00,32.6,64,3.7,0.1,14,5,10,0,Monday,False,True,Hot,39.0,Low,Light,True
2026-10-05 15:00:00,29.1,78,6.8,1.4,15,5,10,0,Monday,False,True,Moderate,36.900000000000006,Low,Light,False
2026-10-05 16:00:00,26.2,95,11.2,4.2,16,5,10,0,Monday,False,True,Moderate,35.7,Moderate,Moderate,False
2026-10-05 17:00:00,25.5,95,4.7,3.8,17,5,10,0,Monday,False,True,Moderate,35.0,Low,Moderate,False
2026-10-05 18:00:00,25.4,97,9.7,1.4,18,5,10,0,Monday,False,True,Moderate,35.1,Low,Light,False
2026-10-05 19:00:00,25.4,96,2.9,1.0,19,5,10,0,Monday,False,True,Moderate,35.0,Low,Light,False
2026-10-05 20:00:00,25.2,97,1.7,0.1,20,5,10,0,Monday,False,True,Moderate,34.9,Low,Light,False
2026-10-05 21:00:00,25.1,97,0.2,0.1,21,5,10,0,Monday,False,True,Moderate,34.800000000000004,Low,Light,False
2026-10-05 22:00:00,24.9,98,1.5,0.1,22,5,10,0,Monday,False,True,Moderate,34.7,Low,Light,False
2026-10-05 23:00:00,24.8,99,2.9,0.0,23,5,10,0,Monday,False,False,Moderate,34.7,Low,No Rain,False
2026-10-06 00:00:00,24.7,99,4.3,0.0,0,6,10,1,Tuesday,False,False,Moderate,34.6,Low,No Rain,False
2026-10-06 01:00:00,24.5,99,5.1,0.0,1,6,10,1,Tuesday,False,False,Moderate,34.4,Low,No Rain,False
2026-10-06 02:00:00,24.4,99,4.8,0.0,2,6,10,1,Tuesday,False,False,Moderate,34.3,Low,No Rain,False
2026-10-06 03:00:00,24.2,100,4.3,0.0,3,6,10,1,Tuesday,False,False,Moderate,34.2,Low,No Rain,False
2026-10-06 04:00:00,24.2,99,3.8,0.0,4,6,10,1,Tuesday,False,False,Moderate,34.1,Low,No Rain,False
2026-10-06 05:00:00,24.3,98,3.6,0.0,5,6,10,1,Tuesday,False,False,Moderate,34.1,Low,No Rain,False
2026-10-06 06:00:00,24.6,96,3.3,0.0,6,6,10,1,Tuesday,False,False,Moderate,34.2,Low,No Rain,False
2026-10-06 07:00:00,25.2,93,3.1,0.0,7,6,10,1,Tuesday,False,False,Moderate,34.5,Low,No Rain,False
2026-10-06 08:00:00,26.1,88,3.0,0.1,8,6,10,1,Tuesday,False,True,Moderate,34.900000000000006,Low,Light,False
2026-10-06 09:00:00,27.4,82,3.1,0.1,9,6,10,1,Tuesday,False,True,Moderate,35.6,Low,Light,False
2026-10-06 10:00:00,28.5,78,3.3,0.1,10,6,10,1,Tuesday,False,True,Moderate,36.3,Low,Light,False
2026-10-06 11:00:00,29.6,74,4.0,0.1,11,6,10,1,Tuesday,False,True,Moderate,37.0,Low,Light,False
2026-10-06 12:00:00,30.7,71,4.6,0.1,12,6,10,1,Tuesday,False,True,Hot,37.8,Low,Light,False
2026-10-06 13:00:00,30.9,71,4.5,0.1,13,6,10,1,Tuesday,False,True,Hot,38.0,Low,Light,False
2026-10-06 14:00:00,29.7,75,2.5,2.2,14,6,10,1,Tuesday,False,True,Moderate,37.2,Low,Light,False
2026-10-06 15:00:00,27.7,83,2.4,2.2,15,6,10,1,Tuesday,False,True,Moderate,36.0,Low,Light,False
2026-10-06 16:00:00,26.0,90,4.6,2.2,16,6,10,1,Tuesday,False,True,Moderate,35.0,Low,Light,False
2026-10-06 17:00:00,25.3,93,5.3,2.6,17,6,10,1,Tuesday,False,True,Moderate,34.6,Low,Moderate,False
2026-10-06 18:00:00,24.9,95,5.3,2.6,18,6,10,1,Tuesday,False,True,Moderate,34.4,Low,Moderate,False
2026-10-06 19:00:00,24.7,96,4.7,2.6,19,6,10,1,Tuesday,False,True,Moderate,34.3,Low,Moderate,False
2026-10-06 20:00:00,24.6,97,3.2,0.2,20,6,10,1,Tuesday,False,True,Moderate,34.300000000000004,Low,Light,False
2026-10-06 21:00:00,24.7,97,1.8,0.2,21,6,10,1,Tuesday,False,True,Moderate,34.4,Low,Light,False
2026-10-06 22:00:00,24.7,98,1.6,0.2,22,6,10,1,Tuesday,False,True,Moderate,34.5,Low,Light,False
2026-10-06 23:00:00,24.5,99,1.4,0.0,23,6,10,1,Tuesday,False,False,Moderate,34.4,Low,No Rain,False
2026-10-07 00:00:00,24.3,99,2.7,0.0,0,7,10,2,Wednesday,False,False,Moderate,34.2,Low,No Rain,False
2026-10-07 01:00:00,24.1,99,3.6,0.0,1,7,10,2,Wednesday,False,False,Moderate,34.0,Low,No Rain,False
2026-10-07 02:00:00,24.0,100,2.9,0.2,2,7,10,2,Wednesday,False,True,Moderate,34.0,Low,Light,False
2026-10-07 03:00:00,24.0,100,2.7,0.2,3,7,10,2,Wednesday,False,True,Moderate,34.0,Low,Light,False
2026-10-07 04:00:00,24.0,99,3.5,0.2,4,7,10,2,Wednesday,False,True,Moderate,33.9,Low,Light,False
2026-10-07 05:00:00,24.0,98,4.1,0.1,5,7,10,2,Wednesday,False,True,Moderate,33.8,Low,Light,False
2026-10-07 06:00:00,24.1,97,4.5,0.1,6,7,10,2,Wednesday,False,True,Moderate,33.800000000000004,Low,Light,False
2026-10-07 07:00:00,24.5,94,5.0,0.1,7,7,10,2,Wednesday,False,True,Moderate,33.9,Low,Light,False
2026-10-07 08:00:00,25.7,88,5.2,0.0,8,7,10,2,Wednesday,False,False,Moderate,34.5,Low,No Rain,False
2026-10-07 09:00:00,27.2,81,5.6,0.0,9,7,10,2,Wednesday,False,False,Moderate,35.3,Low,No Rain,False
2026-10-07 10:00:00,28.5,76,5.8,0.0,10,7,10,2,Wednesday,False,False,Moderate,36.1,Low,No Rain,False
2026-10-07 11:00:00,29.8,71,5.6,0.1,11,7,10,2,Wednesday,False,True,Moderate,36.9,Low,Light,False
2026-10-07 12:00:00,30.9,67,4.8,0.1,12,7,10,2,Wednesday,False,True,Hot,37.6,Low,Light,False
2026-10-07 13:00:00,31.0,67,3.6,0.1,13,7,10,2,Wednesday,False,True,Hot,37.7,Low,Light,False
2026-10-07 14:00:00,29.5,73,2.3,2.3,14,7,10,2,Wednesday,False,True,Moderate,36.8,Low,Light,False
2026-10-07 15:00:00,27.1,85,4.1,2.3,15,7,10,2,Wednesday,False,True,Moderate,35.6,Low,Light,False
2026-10-07 16:00:00,25.3,95,5.6,2.3,16,7,10,2,Wednesday,False,True,Moderate,34.8,Low,Light,False
2026-10-07 17:00:00,24.9,98,4.7,1.2,17,7,10,2,Wednesday,False,True,Moderate,34.7,Low,Light,False
2026-10-07 18:00:00,25.0,98,4.5,1.2,18,7,10,2,Wednesday,False,True,Moderate,34.8,Low,Light,False
2026-10-07 19:00:00,25.2,97,5.6,1.2,19,7,10,2,Wednesday,False,True,Moderate,34.9,Low,Light,False
2026-10-07 20:00:00,25.1,98,4.8,0.0,20,7,10,2,Wednesday,False,False,Moderate,34.900000000000006,Low,No Rain,False
2026-10-07 21:00:00,25.0,99,2.9,0.0,21,7,10,2,Wednesday,False,False,Moderate,34.9,Low,No Rain,False
2026-10-07 22:00:00,24.8,100,1.1,0.0,22,7,10,2,Wednesday,False,False,Moderate,34.8,Low,No Rain,False
2026-10-07 23:00:00,24.7,100,0.4,0.0,23,7,10,2,Wednesday,False,False,Moderate,34.7,Low,No Rain,False
2026-10-08 00:00:00,24.5,100,1.5,0.0,0,8,10,3,Thursday,False,False,Moderate,34.5,Low,No Rain,False
2026-10-08 01:00:00,24.4,100,2.3,0.0,1,8,10,3,Thursday,False,False,Moderate,34.4,Low,No Rain,False
2026-10-08 02:00:00,24.0,99,2.6,0.0,2,8,10,3,Thursday,False,False,Moderate,33.9,Low,No Rain,False
2026-10-08 03:00:00,23.9,99,3.0,0.0,3,8,10,3,Thursday,False,False,Moderate,33.8,Low,No Rain,False
2026-10-08 04:00:00,23.8,99,3.4,0.0,4,8,10,3,Thursday,False,False,Moderate,33.7,Low,No Rain,False
2026-10-08 05:00:00,23.9,98,4.0,0.0,5,8,10,3,Thursday,False,False,Moderate,33.7,Low,No Rain,False
2026-10-08 06:00:00,24.1,97,4.6,0.0,6,8,10,3,Thursday,False,False,Moderate,33.800000000000004,Low,No Rain,False
2026-10-08 07:00:00,24.5,95,5.0,0.0,7,8,10,3,Thursday,False,False,Moderate,34.0,Low,No Rain,False
2026-10-08 08:00:00,25.3,91,5.3,0.1,8,8,10,3,Thursday,False,True,Moderate,34.4,Low,Light,False
2026-10-08 09:00:00,26.6,85,5.8,0.1,9,8,10,3,Thursday,False,True,Moderate,35.1,Low,Light,False
2026-10-08 10:00:00,28.1,79,6.3,0.1,10,8,10,3,Thursday,False,True,Moderate,36.0,Low,Light,False
2026-10-08 11:00:00,29.4,75,6.9,0.1,11,8,10,3,Thursday,False,True,Moderate,36.9,Low,Light,False
2026-10-08 12:00:00,30.4,71,7.1,0.1,12,8,10,3,Thursday,False,True,Hot,37.5,Low,Light,False
2026-10-08 13:00:00,30.8,70,6.9,0.1,13,8,10,3,Thursday,False,True,Hot,37.8,Low,Light,False
2026-10-08 14:00:00,30.5,72,6.1,1.4,14,8,10,3,Thursday,False,True,Hot,37.7,Low,Light,False
2026-10-08 15:00:00,29.5,75,4.7,1.4,15,8,10,3,Thursday,False,True,Moderate,37.0,Low,Light,False
2026-10-08 16:00:00,28.2,81,2.9,1.4,16,8,10,3,Thursday,False,True,Moderate,36.3,Low,Light,False
2026-10-08 17:00:00,26.8,86,1.3,1.4,17,8,10,3,Thursday,False,True,Moderate,35.4,Low,Light,False
2026-10-08 18:00:00,25.5,92,0.5,1.4,18,8,10,3,Thursday,False,True,Moderate,34.7,Low,Light,False
2026-10-08 19:00:00,24.7,96,0.9,1.4,19,8,10,3,Thursday,False,True,Moderate,34.3,Low,Light,False
2026-10-08 20:00:00,24.2,99,0.8,0.0,20,8,10,3,Thursday,False,False,Moderate,34.1,Low,No Rain,False
2026-10-08 21:00:00,24.0,100,0.3,0.0,21,8,10,3,Thursday,False,False,Moderate,34.0,Low,No Rain,False
2026-10-08 22:00:00,23.9,100,0.6,0.0,22,8,10,3,Thursday,False,False,Moderate,33.9,Low,No Rain,False
2026-10-08 23:00:00,23.9,100,1.5,0.0,23,8,10,3,Thursday,False,False,Moderate,33.9,Low,No Rain,False
